RowName,key,English,Chinese,Japanese,Hindi,Arabic,French,Spanish,Russian
string,string,string,string,string,string,string,string,string,string
注释,Key,英文,中文,日文,印度语,阿拉伯语,法语,西班牙语,俄语
1,,Game,游戏,ゲ`ム,???,????,Jeu,Juego,Игра
2,,Start,开始,始める,????,????,Commencer,Comenzar,Начинать
3,,Collect,收集,集める,?????? ????,????,Collecter,Recolectar,Собирать
4,,Reward,奖励,褒美,????,?????,Récompense,Premio,Награда
5,,Close,关闭,近い,??? ????,????,Fermer,Cerca,Закрывать
6,,Hint,提示,ヒント,????? ????,???????,Indice,Pista,Намекать
7,,Forward,前进,フォワ`ド,???,??? ??????,Avant,Adelante,Вперед
8,,Undo,撤销,元にす,???????,????? ???????,annuler,Deshacer,Отменить
9,,Theme,主题,テ`マ,????,???,Thème,Tema,Тема
10,,Settings,设置,O定,???????,???????,Paramètres,Ajustes,Настройки
11,,Score,得分,スコア,???,?????,Score,Puntaje,Счет
12,,Time,时间,rg,???,???,Temps,Tiempo,Время
13,,Moves,步数,移,?????,????????,Se déplace,se mueve,Ходы
14,,Statistics,统计数据,y,??????,????????,Statistiques,Estadísticas,Статистика
15,,Draw Card,抽牌,カ`ドを引く,????? ?????,????? ?????,Tirer une carte,Elegir Carta,Вытянуть карту
16,,Draw 1,抽1张牌,ドロ`1,???? 1,???? 1,Tirage 1,Sorteo 1,Ничья 1
17,,Draw 2,抽2张牌,ドロ`2,???? 2,???? 2,Tirage 2,Sorteo 2,Ничья 2
18,,Draw 3,抽3张牌,ドロ` 3,???? 3,???? 3,Tirage 3,Sorteo 3,Ничья 3
19,,Preferences,偏好,h境O定,????,?????????,Préférences,Preferencias,Предпочтения
20,,Sound Effects,音效,音抗,????? ??????,?????? ?????,Effets sonores,Efectos de sonido,Звуковые эффекты
21,,Tap to Move,点击移牌,タップして移,??????????? ???? ?? ??? ??? ????,???? ??????,Appuyez pour déplacer,Toque para moverse,"Нажмите, чтобы переместить"
22,,Fast Play,快速游戏,高速再生,???? ???,??? ????,Jeu rapide,Juego rapido,Быстрая игра
23,,Auto move cards to the foundation,自动将牌移到收牌区,カ`ドを猡俗右婴筏蓼,????????? ??? ??????? ?? ????? ?? ????,??? ???????? ???????? ??? ??????,Déplacer automatiquement les cartes vers la fondation,Mover tarjetas automáticamente a la base.,Автоматическое перемещение карт в фонд
24,,Auto Complete,自动完成,オ`トコンプリ`ト,????? ?????,??????? ????????,Saisie automatique,Autocompletar,Автозаполнение
25,,Game Over Prompts,游戏结束提醒,ゲ`ムオ`バ`プロンプト,??? ??? ?????????,????? ?????? ?????????,Invites de fin de jeu,Avisos de finalización del juego,Подсказки об окончании игры
26,,Style,视觉风格,スタイル,????,?????,Style,Estilo,Стиль
27,,Display Score,显示得分,スコアを表示する,???????? ?????,??? ???????,Afficher le score,Puntuación de visualización,Показать балл
28,,Display Time/Moves,显示时间/步数,表示rg?移邮,???????? ???/?????,??? ?????/????????,Afficher le temps/les mouvements,Mostrar tiempo/movimientos,Отображение времени/ходов
29,,Display Card Counts,显示牌数,カ`ド数の表示,????? ?????? ????????? ????,??? ?????? ?????,Afficher le nombre de cartes,Conteos de tarjetas mostradas,Отображение количества карт
30,,View card counts of the Deck,查看牌堆的牌数,デッキのカ`ド数を_Jする,??? ?? ????? ?????? ?????,??? ????? ???????? ??? ??? ???????,Afficher le nombre de cartes du Deck,Ver recuentos de cartas del mazo,Посмотреть количество карт в колоде
31,,Left-Handed,左手模式,左利き,???? ??? ?? ??? ???? ????,?????,Gaucher,Zurdo,Левша
32,,Skip Winning Animations,跳过胜利动画,倮のアニメ`ションをスキップする,??????? ????? ??????,???? ?????? ???????? ???????,Passer les animations gagnantes,Saltar animaciones ganadoras,Пропустить выигрышные анимации
33,,Information,信息,情,???????,??????,Information,Información,Информация
34,,How To Play,怎么玩,[び方,???? ????? ?? ???,??? ????,Comment jouer,Cómo jugar,Как играть
35,,QUIT,退出,やめる,??????,????,QUITTER,ABANDONAR,ПОКИДАТЬ
36,,New Game,新游戏,新しいゲ`ム,??? ???,???? ?????,Nouveau jeu,Nuevo juego,Новая игра
37,,Daily Challenge,每日挑战,叭栅翁,????? ??????,?????? ??????,Challenge quotidien,Reto diario,Ежедневное испытание
38,,Restart,重玩,再起,???? ???? ????,????? ?????,Redémarrage,Reanudar,Перезапуск
39,,Cancel,取消,キャンセル,???? ????,????,Annuler,Cancelar,Отмена
40,,YOU WON,你获胜了,あなたが伽沥蓼筏,?? ????,??? ???,TU AS GAGNé,GANASTE,ТЫ ВЫИГРАЛ
41,,TROPHY,奖杯,トロフィ`,??????,?????,TROPHéE,TROFEO,ТРОФЕЙ
42,,Customized,自定义,カスタマイズされた,????????????,??? ?????,Personnalisé,Personalizado,Индивидуальные
43,lag0107,Large Font Mode,大字体模式,大きなフォントモ`ド,???? ?????? ???,??? ???? ??????,Mode grande police,Modo de fuente grande,Режим крупного шрифта
44,,Check,查看,チェック,???? ????,????,Vérifier,Controlar,Проверять
45,lag0109,Dark Mode,黑暗模式,ダ`クモ`ド,????? ???,????? ??????,Mode sombre,Modo oscuro,Темный режим
46,lag0110,Eye Care Mode,护眼模式,アイケアモ`ド,????? ?????? ???,??? ??????? ??????,Mode soin des yeux,Modo de cuidado de los ojos,Режим ухода за глазами
47,lag0111,Pet Mode,宠物,ペットモ`ド,????? ???,??? ????????? ???????,Mode animal de compagnie,Modo mascota,Режим питомца
48,,Use,使用,使用,?????,??????,Utiliser,Usar,Использовать
49,,Table,牌桌,テ`ブル,????,?????,Tableau,Mesa,Стол
50,,Front,前,フロント,?????,????,Devant,Frente,Передний
51,,Back,后,る,????,???,Dos,Atrás,Назад
52,,Upload,上传,アップロ`ド,?????,???,Télécharger,Subir,Загрузить
53,,Games Count,局数,ゲ`ム数,????? ?? ?????,??? ???????,Nombre de jeux,Recuento de juegos,Количество игр
54,,Games Won,胜局数,ゲ`ムは伽沥蓼筏,??? ???? ???,??????? ???? ???? ???,Jeux gagnés,Juegos ganados,Игры выиграны
55,,Highest Score,最高得分,最高得点,?????? ?????,???? ?????,Le score le plus élevé,Puntuación más alta,Наивысший балл
56,,Average Score,平均得分,平均点,??? ???,????? ??????,Score moyen,Puntuación media,Средний балл
57,,Shortest Winning Time,最短胜局时间,最短倮rg,???? ?? ??? ????? ?? ???,???? ??? ?????,Temps de gain le plus court,Tiempo ganador más corto,Кратчайшее время выигрыша
58,,Average Winning Time,平均胜局时间,平均倮rg,??? ??? ?? ???,????? ??? ?????,Temps de gain moyen,Tiempo promedio de ganancia,Среднее время выигрыша
59,,Fewest Winning Moves,最少胜局步数,最も少ない伽潦,???? ?? ????? ???? ?????,??? ???????? ???????,Moins de mouvements gagnants,Menos movimientos ganadores,Наименьшее количество выигрышных ходов
60,,Average Winning Moves,平均胜局步数,平均的な伽潦,??? ????? ???? ?????,????? ???????? ???????,Mouvements gagnants moyens,Movimientos ganadores promedio,Среднее количество выигрышных ходов
61,,Current Streak,当前连胜,F在のBA数,??????? ????,??????? ???????,Série actuelle,Racha actual,Текущая серия
62,,Longest Streak,最长连胜,最LBAh,???? ???? ????,???? ???,La plus longue série,Racha más larga,Самая длинная серия
63,,JANUARY,一月,1月,?????,?????,JANVIER,ENERO,ЯНВАРЬ
64,,FEBRUARY,二月,2月,??????,??? ??????,FéVRIER,FEBRERO,ФЕВРАЛЬ
65,,MARCH,三月,行M,?????,????,MARS,MARZO,МАРШИРОВАТЬ
66,,APRIL,四月,4月,??????,?????,AVRIL,ABRIL,АПРЕЛЬ
67,,MAY,五月,5月,??,????,PEUT,PUEDE,МОЖЕТ
68,,JUNE,六月,六月,???,?????,JUIN,JUNIO,ИЮНЬ
69,,JULY,七月,7月,?????,?????,JUILLET,JULIO,ИЮЛЬ
70,,AUGUST,八月,8月,?????,?????,AO?T,AGOSTO,АВГУСТ
71,,SEPTEMBER,九月,9月,???????,??????,SEPTEMBRE,SEPTIEMBRE,СЕНТЯБРЬ
72,,OCTOBER,十月,10月,???????,??????,OCTOBRE,OCTUBRE,ОКТЯБРЬ
73,,NOVEMBER,十一月,11月,?????,??? ??????,NOVEMBRE,NOVIEMBRE,НОЯБРЬ
74,,DECEMBER,十二月,12月,??????,??????,DéCEMBRE,DICIEMBRE,ДЕКАБРЬ
75,,NEW RECORD,新的最佳得分,新h,??? ???????,??? ????? ????,NOUVEL ENREGISTREMENT,NUEVO RECORD,НОВАЯ ЗАПИСЬ
76,,CONTINUE,继续,Aく,???? ????,????,CONTINUER,CONTINUAR,ПРОДОЛЖАТЬ
77,,COMPLETED,已完成,完了しました,???? ????,?????,COMPLéTé,TERMINADO,ЗАВЕРШЕННЫЙ
78,,New Game?,再玩一局？,新しいゲ`ム？,??? ????,???? ??????,Nouveau jeu?,?Nuevo juego?,Новая игра?
79,,No Useable Move,无可用移动,使える技がoい,??? ?????? ???? ????? ??? ????,?? ???? ???? ????? ?????????,Aucun mouvement utilisable,Ningún movimiento utilizable,Нет полезного движения
80,,Return,返回,る,???? ????,????,Retour,Devolver,Возвращаться
81,,Have you ever played Solitaire before?,您以前玩过纸牌游戏吗,これまでにソリティアをプレイしたことがありますか?,???? ???? ???? ??? ???????? ???? ???,?? ??? ?? ?? ???? ??????? ?? ????,Avez-vous déjà joué au Solitaire auparavant ?,?Alguna vez has jugado al Solitario?,Вы когда-нибудь раньше играли в пасьянс?
82,,Yes,是,はい,???,???,Oui,Sí,Да
83,,No,否,いいえ,????,??,Non,No,Нет
84,,Skip,跳过,スキップ,?????,?????,Sauter,Saltar,Пропускать
85,,LAYOUT,布局,レイアウト,?????,???????,MISE EN PAGE,DISPOSICIóN,МАКЕТ
86,HoWToPlay1,"A complete Solitaire game starts with seven piles of cards, each pile contains one more card than the previous, with only the top card facing up.",一个完整的接龙游戏开始时有七堆牌，每堆牌都比前一堆牌多一张，只有最上面的牌是朝上的。,完全なソリティア ゲ`ムは 7 枚の山から始まり、各山には前よりも 1 枚多くのカ`ドが含まれており、一番上のカ`ドだけが表になっています。,"?? ??????? ???????? ??? ??? ?? ??? ????? ?? ??? ???? ???? ??, ???????? ??? ??? ????? ?? ????? ??? ?? ???? ????? ???? ??, ???? ????? ????? ??? ?? ?? ???? ???",???? ???? ??????? ??????? ????? ????? ?? ????????? ????? ?? ???? ??? ????? ????? ???? ?? ???????? ?? ?????? ??????? ??????? ??? ??????.,"Un jeu de Solitaire complet commence avec sept piles de cartes, chaque pile contient une carte de plus que la précédente, seule la carte du dessus étant visible.","Un juego de Solitario completo comienza con siete montones de cartas, cada montón contiene una carta más que el anterior, con solo la carta superior boca arriba.","Полный пасьянс начинается с семи стопок карт, каждая стопка содержит на одну карту больше, чем предыдущая, и только верхняя карта обращена вверх."
87,,GOAL,游戏目标,ゴ`ル,??????,???,BUT,META,ЦЕЛЬ
88,HoWToPlay2,"The goal of the game is to get all cards onto the four foundation piles, sorted by suit in ascending order from Ace to King",游戏目标是把所有牌放到四个基础牌堆上，按花色从A到K的升序排序。,ゲ`ムの目摔稀エ`スからキングまでのス`ツごとにNにKべ替えて、すべてのカ`ドを 4 つの基Aの山に置くことです。,"??? ?? ?????? ??? ??????? ?? ??? ???????? ?????? ?? ???? ??, ?? ??? ?? ?????? ?? ?? ???? ?? ????? ???? ??? ???????? ????",????? ?? ?????? ?? ?????? ??? ???? ???????? ???????? ?? ??????? ???????? ???????? ????? ??? ????? ?????? ?????? ?? ???? ??? ?????,"Le but du jeu est de placer toutes les cartes sur les quatre piles de base, triées par couleur et par ordre croissant, de l'As au Roi.","El objetivo del juego es colocar todas las cartas en las cuatro pilas básicas, ordenadas por palo en orden ascendente, del As al Rey.","Цель игры ― положить все карты в четыре стопки, отсортированные по масти в порядке возрастания от туза до короля."
89,,MOVE CARDS,移动纸牌,カ`ドを移婴工,????? ?? ????,??? ????????,DéPLACER DES CARTES,MOVER TARJETAS,ПЕРЕДВИГАТЬ КАРТЫ
90,HoWToPlay3,You can move a face up card onto another face up card if it is one value lower and the opposite color.,您可以将一张正面朝上的牌移动到另一张正面朝上的牌上，只要这张牌的颜色与另一张牌的颜色相反，且牌面小一个数。,表向きのカ`ドのが 1 つ低く、反の色であれば、表向きのカ`ドをeの表向きのカ`ドの上に移婴扦ます。,?? ?? ??? ?? ????? ?? ????? ??? ?? ????? ?? ?? ?? ???? ??? ??? ???? ??? ?? ??? ?? ?? ?? ???? ??? ?????? ???,????? ??? ????? ?????? ??? ????? ???? ?????? ??? ???? ?????? ??? ????? ????? ????? ?????.,Vous pouvez déplacer une carte face visible sur une autre carte face visible si elle a une valeur inférieure et une couleur opposée.,Puedes mover una carta boca arriba sobre otra carta boca arriba si tiene un valor inferior y es del color opuesto.,"Вы можете переместить открытую карту на другую открытую карту, если она на одно значение меньше и противоположного цвета."
91,,PLACE "K",放置“K”,プレイス「K」,????? "K",???? "?",LIEU "K",LUGAR "K",МЕСТО "К"
92,HoWToPlay4,"If there is an empty column (no cards), you can move a King there.",如果有一个空的列（即没有卡片），则可以将K移到那里。,空の列 (カ`ドがない) がある龊悉稀そこにキングを移婴扦ます。,"??? ??? ???? ???? ?? (??? ????? ???? ??), ?? ?? ???? ?? ???? ?? ??????????? ?? ???? ????",??? ??? ???? ???? ???? (???? ??????)? ????? ??? ????? ????.,"S'il y a une colonne vide (pas de cartes), vous pouvez y déplacer un roi.","Si hay una columna vacía (sin cartas), puedes mover un Rey allí.","Если есть пустой столбец (нет карт), туда можно переместить короля."
93,,THE DECK,翻阅你的牌组,デッキ,????? ?? ???? ???,??? ???????,LE PONT,LA CUBIERTA,ПАЛУБА
94,HoWToPlay5,"If you can't (or choose not to) move any of the face-up cards, you can go through your deck.",如果你不能（或选择不）移动任何一张面朝上的牌，你可以翻阅你的牌组。,表向きのカ`ドを移婴扦ない（または移婴筏胜い长趣蜻xkした）龊悉稀デッキを通^できます。,"??? ?? ???? ?? ???-?? ????? ?? ??????????? ???? ?? ???? (?? ???? ???? ????? ???), ?? ?? ???? ??? ?? ?????? ?? ?? ???? ????",??? ?? ????? (?? ????? ??? ?????? ????) ?? ????? ?? ?? ???????? ????????? ?????? ?????? ??? ???????.,"Si vous ne pouvez pas (ou choisissez de ne pas) déplacer aucune des cartes face visible, vous pouvez parcourir votre deck.","Si no puedes (o eliges no) mover ninguna de las cartas boca arriba, puedes revisar tu mazo.","Если вы не можете (или не хотите) переместить ни одну из открытых карт, вы можете просмотреть свою колоду."
95,,MOVE CARDS FROM THE DECK,从牌组中移牌,デッキからカ`ドを移婴工,??? ?? ????? ?????,???? ???????? ?? ????????,DéPLACER LES CARTES DU PONT,MOVER CARTAS DE LA BARAJA,ПЕРЕМЕЩЕНИЕ КАРТ ИЗ КОЛОДЫ
96,HoWToPlay6,"If you find a card that can be placed on the brand or desktop, you can choose to move it.",如果你找到可以放置在牌基或桌面上的牌，可以选择移动它。,ブランドまたはデスクトップに配置できるカ`ドがつかった龊悉稀それを移婴工毪长趣蜻xkできます。,"??? ???? ??? ??? ????? ????? ?? ???? ?????? ?? ???????? ?? ??? ?? ???? ??, ?? ?? ??? ??????????? ???? ??? ???? ????",??? ???? ????? ???? ????? ??? ??????? ???????? ?? ??? ??????? ?????? ?????? ?????.,"Si vous trouvez une carte pouvant être placée sur la marque ou sur le bureau, vous pouvez choisir de la déplacer.","Si encuentra una tarjeta que se puede colocar en la marca o en el escritorio, puede optar por moverla.","Если вы найдете карточку, которую можно разместить на бренде или на рабочем столе, вы можете переместить ее."
97,,REPEAT STEPS,重复步骤,手をRり返す,??? ???????,??? ???????,RéPéTER LES éTAPES,REPETIR PASOS,ПОВТОРИТЕ ШАГИ
98,HoWToPlay7,These steps must be repeated throughout the game until all four basic cards are completed or no card can be moved.,在整个游戏过程中都要重复这些步骤，直到完成所有四个基础牌堆或无法再移动任何牌为止。,4 枚の基本カ`ドがすべて完成するか、カ`ドを移婴扦なくなるまで、ゲ`ム全体でこれらの手をRり返す必要があります。,?? ????? ?? ???? ??? ?? ????? ?? ?? ??????? ???? ????? ?? ?? ?? ??? ??? ???????? ????? ???? ???? ?? ???? ?? ??? ????? ??????????? ???? ???? ?? ?????,??? ????? ??? ??????? ???? ?????? ??? ????? ???? ???????? ???????? ??????? ?? ?? ???? ????? ?? ?????.,Ces étapes doivent être répétées tout au long du jeu jusqu'à ce que les quatre cartes de base soient complétées ou qu'aucune carte ne puisse être déplacée.,Estos pasos deben repetirse durante todo el juego hasta que se completen las cuatro cartas básicas o no se pueda mover ninguna carta.,"Эти шаги необходимо повторять на протяжении всей игры до тех пор, пока не будут заполнены все четыре основные карты или пока ни одна карта не станет невозможной для перемещения."
99,HoWToPlay8,"If you can't (or choose not) to move any cards facing up, you can go through your deck.",如果你不能（或选择不）移动任何一张面朝上的牌，你可以翻阅你的牌组。,カ`ドを表向きに移婴扦ない（または移婴筏胜い长趣蜻xkした）龊悉稀デッキを通^できます。,"??? ?? ???? ?? ????? ?? ??? ?? ?? ???? ?? ?? ???? (?? ???? ??? ????), ?? ?? ???? ??? ?? ?????? ?? ?? ???? ????",??? ?? ????? (?? ????? ???) ??? ?? ?????? ????? ??????? ?????? ?????? ??? ???????.,"Si vous ne pouvez pas (ou choisissez de ne pas) déplacer des cartes face visible, vous pouvez parcourir votre deck.","Si no puedes (o eliges no) mover ninguna carta boca arriba, puedes revisar tu mazo.","Если вы не можете (или не хотите) переместить какие-либо карты лицевой стороной вверх, вы можете просмотреть свою колоду."
100,,MON,周一,月,??????,???,LUN,LUN,ПН
101,,TUES,周二,火曜日,????,????????,YOU ARE,MARTES,ВТОР
102,,WED,周三,Y婚した,???,????,éPOUSER,CASARSE,ОБВЕНЧАЛИСЬ
103,,THUR,周四,木曜日,????,??????,JEU,JUEVES,ЧЕТ
104,,FRI,周五,金曜日,?????,??????,VEN,VIE,ПТ
105,,SAT,周六,土,????,???,ASSIS,SE SENTó,СИДЕЛ
106,,SUN,周日,太,????,???,SOLEIL,SOL,СОЛНЦЕ
107,,Task,任务,タスク,???,????,Tache,Tarea,Задача
108,,Achieve a win streak  of #1,游戏连胜#1次,B儆h1位を_成,#1 ?? ??? ?? ??????? ????? ????,??? ????? ???????? ??? 1,Réalisez une séquence de victoires de #1,Lograr una racha de victorias del n.o 1,Достичь победной серии №1
109,,Put three "#1" to foundation continuously.,在任意牌局中，连续将3个“梅花”放至底牌,ファンデ`ションに「#1」を3つAけてTります。,???????? ??? ?????? ??? "#1" ??????,??? ????? "#1" ??? ???? ?????? ???? ?????.,Mettez trois "#1" sur la fondation en continu.,Coloque tres "#1" en la base de forma continua.,Постоянно кладите три ?#1? на фундамент.
110,,Win #1 games in 150 moves.,在150步内赢得#1场比赛,150手以内にナンバ`1のゲ`ムに倮する。,150 ????? ??? #1 ??? ??????,?? ?????????? ??? 1 ?? 150 ????.,Gagnez les parties n°1 en 150 coups.,Gana juegos número 1 en 150 movimientos.,Выиграйте игру №1 за 150 ходов.
111,,Heart,红桃,心,???,???,C?ur,Corazón,Сердце
112,,Spade,黑桃,スペ`ド,?????,??????? ???????? ????????,Bêche,Pala,лопата
113,,Club,梅花,クラブ,????,??????,club,Club,Клуб
114,,Diamod,方片,ダイアモド,????,??????,Diamod,diamante,Диамод
115,,Auto Hints,自动提示,自鹰谣螗,??? ?????,??????? ???????,Conseils automatiques,Consejos automáticos,Авто подсказки
116,,CALIFORNIA,加利福利亚,カリフォルニア,????????????,??????????,CALIFORNIE,CALIFORNIA,КАЛИФОРНИЯ
117,,SAN FRANCISCO,三藩市,サンフランシスコ,??? ???????????,??? ?????????,SAN FRANCISCO,SAN FRANCISCO,САН-ФРАНЦИСКО
118,,YOSEMITE,优胜美地,ヨセミテ,Yosemite,???????,YOSéMITE,YOSEMITE,ЙОСЕМИТИ
119,,LOS ANGELES,洛杉矶,ロサンゼルス,??? ???????,??? ??????,LOS ANGELES,LOS ANGELES,ЛОС-АНДЖЕЛЕС
120,,SAN DIEGO,圣地亚哥,サンディエゴ,??? ?????,??? ?????,SAN DIEGO,SAN DIEGO,САН ДИЕГО
121,,SANTA CLARA,圣克拉拉,サンタクララ,????? ??????,????? ?????,PèRE CLARéE,SANTA CLARA,САНТА-КЛАРА
122,,SACRAMENTO,萨克拉门托,サクラメント,???????????,????????,SACRAMENTO,SACRAMENTO,САКРАМЕНТО
123,,STANFORD,斯坦福,スタンフォ`ド,??????????,????????,STANFORD,STANFORD,СТЭНФОРД
124,,MONTEREY,蒙特雷,モントレ`,???????,???????,MONTEREY,MONTEREY,МОНТЕРЕЙ
125,,BAKERSFIELD,贝克斯菲尔德,ベ`カ`ズフィ`ルド,???????????,?????????,BOULANGERIE,BAKERSFIELD,БЕЙКЕРСФИЛД
126,,My Collection,我的收藏,私のコレクション,???? ??????,???????,Ma collection,Mi colección,Моя коллекция
127,,Stamps,集邮,スタンプ,??????,????? ??????,Timbres,Sellos,Марки
128,notice_title1,We will not stop the game because of getting older. ??,我们不会因为变老而停止游戏。??,年hを理由にゲ`ムをやめるつもりはありません。 ??,?? ???? ????? ?? ???? ??? ???? ??? ??????.' ??,?? ????? ?? ????? ???? ?????? ?? ????. ??,Nous n’arrêterons pas le jeu à cause du vieillissement. ??,No pararemos el juego por hacernos mayores. ??,Мы не остановим игру из-за старения. ??
129,notice_content1,We get old because we stop the game.,我们变老是因为我们停止游戏。,ゲ`ムをやめるから私たちは老けるのです。,?? ????? ?? ???? ??? ??????? ?? ??? ??? ?? ???? ????,??? ????? ????? ?????? ??????.,On vieillit parce qu’on arrête le jeu.,Nos hacemos viejos porque paramos el juego.,"Мы стареем, потому что прекращаем игру."
130,notice_title2,Hello! Linda is here ??,你好！琳达在这里??,こんにちは！ リンダが来ました??,??????! ????? ???? ?? ??,??????! ????? ??? ??,Bonjour! Linda est là ??,?Hola! Linda está aquí ??,Привет! Линда здесь ??
131,notice_content2,"As a retirement, this is my favorite grinding thinking game ??",作为一名退休人员，这是我最喜欢的磨砺思维游戏??,引退作として、これは私のお荬巳毪辘氐椎膜丝激à毳博`ムです ??,"???????????? ?? ??? ???, ?? ???? ??????? ?????????? ??????? ??? ?? ??",??????? ??? ?? ???? ??????? ?????? ??????? ??? ??,"En tant que retraité, c'est mon jeu de réflexion préféré ??","Como retiro, este es mi juego de pensamiento favorito ??",На пенсии это моя любимая игра на мышление ??
132,notice_title3,It's time to exercise the brain! ?,是时候锻炼大脑了！?,^の体操のrgです！ ?,?? ????? ?? ??????? ???? ?? ??? ??! ?,??? ????? ?????? ??????! ?,Il est temps d'exercer le cerveau?! ?,?Es hora de ejercitar el cerebro! ?,Пришло время тренировать мозг! ?
133,notice_content3,"The more you play, the healthier the brain??",玩得越多，大脑就越健康??,[べば[ぶほどは健康になります??,"????? ???? ?? ???????, ???????? ???? ?? ?????? ????",???? ???? ????? ???? ????? ???? ???,"Plus vous jouez, plus le cerveau est en bonne santé??","Cuanto más juegas, más sano es el cerebro??","Чем больше играешь, тем здоровее мозг??"
134,notice_title4,Relax and restore vitality,放松并恢复活力,リラックスして活力を回,???? ???? ?? ???? ????? ???? ????,????????? ???????? ???????,Se détendre et retrouver sa vitalité,Relajarse y recuperar la vitalidad.,Расслабьтесь и восстановите жизненные силы
135,notice_content4,"Looking for comfort in a soothing card game, and at the same time establish a contact with like-minded elderly people??",在舒缓的纸牌游戏中寻找安慰，同时与志同道合的老年人建立联系??,心安らぐカ`ドゲ`ムでKしを求め、同rに同じ志を持つ高h者とのつながりをBきましょう??,"??????? ????? ??? ??? ???? ?? ???? ????, ?? ??? ?? ???? ????????? ???? ??????? ????? ?? ??? ?????? ??????? ??????",???? ?? ?????? ?? ???? ??? ?????? ??? ??? ????? ?? ???????? ?? ???? ???? ??? ??????? ???????,"Vous recherchez du réconfort dans un jeu de cartes apaisant, tout en établissant un contact avec des personnes agées partageant les mêmes idées??","Buscar consuelo en un relajante juego de cartas y, al mismo tiempo, establecer contacto con personas mayores de ideas afines??","Ищите утешение в успокаивающей карточной игре, а заодно налаживайте контакт с единомышленниками пожилого возраста??"
136,notice_title5,How can we always keep elegance and wisdom at all times,怎样才能时刻保持优雅和睿智,どうすれば常に雅さと知{を保つことができますか,?? ?? ??? ??????? ?? ??????????? ???? ???? ?? ???? ????,??? ?????? ?? ????? ?????? ??? ??????? ??????? ?? ???? ????????,Comment pouvons-nous toujours garder l'élégance et la sagesse à tout moment,?Cómo podemos mantener siempre la elegancia y la sabiduría en todo momento?,Как нам всегда сохранять элегантность и мудрость во все времена?
137,notice_content5,Play a classic SOLITAIRE,玩一局经典接龙吧,古典的なソリティアをプレイする,?? ??????? ???????? ?????,???? ???? ??????? ??????????,Jouez à un SOLITAIRE classique,Juega un SOLITARIO clásico,Сыграйте в классический ПАСЬЯНС
138,notice_title6,Good morning! Dennis is here ??,早安！丹尼斯在这里??,おはよう！ デニスが来ました??,??? ??????! ????? ???? ?? ??,???? ?????! ????? ??? ??,Bonjour! Denis est là ??,?Buen día! Dennis está aquí ??,Доброе утро! Денис здесь ??
139,notice_content6,Are you ready for daily challenge?,准备迎接今天的每日挑战了吗？,叭栅翁椁巳・杲Mむ浃悉扦ていますか?,???? ?? ????? ?????? ?? ??? ????? ????,?? ??? ????? ?????? ???????,êtes-vous prêt à relever un défi quotidien??,?Estás listo para el desafío diario?,Готовы ли вы к ежедневным испытаниям?
140,notice_title7,Good morning! Dennis is here ??,早安！丹尼斯在这里??,おはよう！ デニスが来ました??,??? ??????! ????? ???? ?? ??,???? ?????! ????? ??? ??,Bonjour! Denis est là ??,?Buen día! Dennis está aquí ??,Доброе утро! Денис здесь ??
141,notice_content7,A great day starts with an avocado sandwich! Maybe a Solitaire game?,美好的一天从牛油果三明治开始！也许还有一局接龙？,素长室蝗栅膝ボカドサンドイッチから始まります！ もしかしてソリティアゲ`ム？,?? ??????? ??? ?? ?????? ??????? ??????? ?? ???? ??! ???? ?? ???????? ????,??? ???? ???? ????????? ?????????! ???? ???? ????????,Une belle journée commence par un sandwich à l'avocat?! Peut-être un jeu de Solitaire ?,?Un gran día comienza con un sándwich de aguacate! ?Quizás un juego de solitario?,"Отличный день начинается с бутерброда с авокадо! Может быть, пасьянс?"
142,notice_title8,Good morning! Dennis is here ??,早安！丹尼斯在这里??,おはよう！ デニスが来ました??,??? ??????! ????? ???? ?? ??,???? ?????! ????? ??? ??,Bonjour! Denis est là ??,?Buen día! Dennis está aquí ??,Доброе утро! Денис здесь ??
143,notice_content8,I hope you have a great day! Don't forget about our daily Solitaire challenge~,我希望你有一个美好的一天，别忘记我们的接龙挑战哦,良い一日をお^ごし下さい！ 叭栅违渐辚匹％ チャレンジを忘れないでください~,??? ?? ???? ??? ?????? ???! ????? ????? ???????? ?????? ?? ???? ??? ?? ?????~,??? ?? ???? ???? ??? ????! ?? ???? ???? ????????? ?????? ~,J'espère que tu as passé une bonne journée! N'oubliez pas notre défi Solitaire quotidien ~,?Espero que tengas un buen día! No te olvides de nuestro desafío diario de Solitario ~,Надеюсь у тебя хороший день! Не забывайте о нашем ежедневном испытании ?Пасьянс?~
144,notice_title9,Yoink~,呦吼,よ`いんく?,?????~,?????~,Yoink~,Yoink ~,Йонк~
145,notice_content9,"I got a card for you, play a classic Solitaire to collect it!",我给你准备了一张小卡，来玩一局接龙吧,カ`ドを用意しました。古典的なソリティアをプレイしてカ`ドを集めてください!,"???? ???? ??? ?? ????? ???? ??, ??? ?????? ???? ?? ??? ??????? ???????? ?????!",??? ???? ??? ????? ??? ???? ???? ??????? ???????? ??????!,"J'ai une carte pour vous, jouez à un Solitaire classique pour la récupérer?!","Tengo una carta para ti, ?juega un solitario clásico para recogerla!","У меня есть для вас карта, разыграйте классический пасьянс, чтобы собрать ее!"
146,notice_title10,Psst~,喂喂,くっそ～,????????~,???? ~,Psst~,Psst~,Тсс~
147,notice_content10,Let's go play some relaxing Solitaire and do some brain workouts!,来一起玩会休闲的接龙并且锻炼大脑吧,リラックスできるソリティアをプレイして、^の体操をしましょう!,??? ??? ???????? ???????? ????? ?? ??? ?????? ???? ????!,??? ??? ???? ???? ??????? ????? ????? ???? ?????? ??????!,Allons jouer au Solitaire relaxant et faire quelques exercices cérébraux?!,?Vamos a jugar un solitario relajante y hacer algunos ejercicios cerebrales!,Давайте поиграем в расслабляющий пасьянс и потренируем мозг!
148,notice_title11,Yohoho~,呦吼吼,よほほ?,??????~,??????~,Yohoho~,Yohoho ~,Йохохо~
149,notice_content11,How about a fun Solitaire before the meal? Already had a meal? That's fine too~,在饭前来局有趣的接龙怎么样？我是说饭后也行,お食事の前にSしいソリティアはいかがですか? もうお食事をお召し上がりになりましたか？ それもいいですね～,???? ?? ???? ?? ??????? ???????? ?? ???? ??? ???? ???? ????? ??? ???? ?? ?? ???? ?? ???? ??? ?? ?? ??? ??~,???? ?? ???? ??????? ??????? ??? ??????? ?? ?????? ???? ??????? ??? ??? ?????~,Que diriez-vous d'un Solitaire ludique avant le repas ? Vous avez déjà mangé ? C'est bien aussi~,?Qué tal un divertido solitario antes de la comida? ?Ya comiste? Eso también está bien ~,Как насчет веселого пасьянса перед едой? Уже пообедали? Это тоже нормально~
150,notice_title12,Good evening!,晚上好！,こんばんは！,??? ??????!,???? ?????!,Bonne soirée!,?Buenas noches!,Добрый вечер!
151,notice_content12,How about playing some relaxing Solitaire for a better sleep?,来玩会接龙之后睡个好觉怎么样？,より良い睡眠のために、リラックスできるソリティアをプレイしてみてはいかがでしょうか?,????? ???? ?? ??? ??? ???????? ???????? ????? ???? ??????,???? ?? ??? ???? ??????? ??????? ?????? ??? ??? ?????,Que diriez-vous de jouer au Solitaire relaxant pour mieux dormir??,?Qué tal jugar un solitario relajante para dormir mejor?,"Как насчет того, чтобы сыграть в расслабляющий пасьянс, чтобы лучше выспаться?"
152,notice_title13,Good evening!,晚上好！,こんばんは！,??? ??????!,???? ?????!,Bonne soirée!,?Buenas noches!,Добрый вечер!
153,notice_content13,"Try playing a relaxing Solitaire with night mode, I am sure it will help you sleep well.",尝试玩助眠模式的接龙吧，我猜它会有帮助的,ナイト モ`ドでリラックスできるソリティアをプレイしてみてください。きっとよく眠れるようになるでしょう。,"?????? ??? ?? ??? ?? ???????? ???????? ????? ?? ?????? ????, ???? ???? ?? ?? ?? ???? ????? ???? ???? ??? ??? ??????",???? ??? ???? ??????? ????? ?? ????? ??????? ???? ????? ?? ???? ??????? ??? ????? ?????.,"Essayez de jouer à un Solitaire relaxant avec le mode nuit, je suis s?r que cela vous aidera à bien dormir.","Prueba a jugar un solitario relajante con modo nocturno, estoy seguro de que te ayudará a dormir bien.","Попробуйте разложить расслабляющий пасьянс в ночном режиме, уверен, это поможет вам хорошо выспаться."
154,notice_title14,Good evening!,晚上好！,こんばんは！,??? ??????!,???? ?????!,Bonne soirée!,?Buenas noches!,Добрый вечер!
155,notice_content14,"Enjoy a casual Solitaire, sleep well, and prepare for a fantastic tomorrow.",玩会接龙，睡个好觉，然后迎接美好的明天,カジュアルなソリティアをSしみ、よく眠り、素晴らしい明日に浃à蓼筏绀Α,"?? ??????? ???????? ?? ???? ???, ????? ???? ??? ?? ?? ?????? ?? ?? ??? ?????? ?????",?????? ???????? ??? ????? ??? ?????? ?????? ??? ????.,"Profitez d'un solitaire décontracté, dormez bien et préparez-vous à un lendemain fantastique.","Disfruta de un solitario informal, duerme bien y prepárate para un ma?ana fantástico.","Наслаждайтесь случайным пасьянсом, спите спокойно и готовьтесь к фантастическому завтрашнему дню."
156,,Reset,重置,リセット,?????,????? ???,Réinitialiser,Reiniciar,Перезагрузить
157,,Are you sure to reset statistics?,是否确认重置统计数据？,yをリセットしてもよろしいですか?,???? ?? ?????? ????? ???? ????????? ?? ??? ????,?? ??? ????? ?? ????? ????? ???????????,êtes-vous s?r de réinitialiser les statistiques??,?Estás seguro de restablecer las estadísticas?,"Вы уверены, что сбросить статистику?"
158,,Confirm,确认,_Jする,?????? ????,?????,Confirmer,Confirmar,Подтверждать
159,lag0263,Black Mode,黑色模式,ブラックモ`ド,????? ???,????? ??????,Mode noir,Modo negro,Черный режим
160,,Congratulations!,恭喜,おめでとう！,???? ??!,???????!,Toutes nos félicitations!,?Felicidades!,Поздравляем!
161,,The new table has been unlocked,新背景已解锁,新しいテ`ブルのロックが解除されました,?? ?????? ????? ?? ?? ?? ??,??? ?? ??? ?????? ??????,La nouvelle table a été débloquée,La nueva mesa ha sido desbloqueada.,Новый стол разблокирован.
162,,The new front has been unlocked,新牌背已解锁,新しい榫のロックが解除されました,??? ?????? ??? ???? ??? ??,??? ?? ??? ?????? ???????,La nouvelle fa?ade a été déverrouillée,El nuevo frente ha sido desbloqueado.,Новый фронт разблокирован
163,,The new back has been unlocked,新牌面已解锁,新しいバックのロックが解除されました,??? ??? ????? ?? ???? ??? ??,??? ?? ??? ????? ?????? ??????,Le nouveau dos a été débloqué,La nueva espalda ha sido desbloqueada.,Новая спина разблокирована
164,,OK,好的,わかりました,??? ??,???,D'ACCORD,DE ACUERDO,ХОРОШО
165,,USE,使用,使用,?????,??????,UTILISER,USAR,ИСПОЛЬЗОВАТЬ
166,,Independence Day,独立日,独立念日,?????????? ????,??? ?????????,Jour de l'indépendance,Día de la Independencia,День независимости
167,,Not Enough Gold,金币不足,ゴ`ルドが足りない,???????? ???? ????,??? ?? ???? ?? ?????,Pas assez d'or,Insuficiente oro,Недостаточно золота
168,,New Table,新桌面,新しいテ`ブル,?? ??????,????? ?????,Nouveau tableau,Nueva mesa,Новая таблица
169,,New Stamp,新邮票,新しいスタンプ,??? ???????,??? ????,Nouveau timbre,Nuevo sello,Новая марка
170,,Win #1 games to unlock.,胜利#1场解锁,#1 ゲ`ムに倮してロックを解除しましょう。,????? ???? ?? ??? #1 ??? ??????,??? ???????? ??? 1 ??????.,Gagnez les jeux n°1 à débloquer.,Gana los juegos número 1 para desbloquear.,"Выиграйте игры №1, чтобы разблокировать их."
171,,Hawaii,夏威夷,ハワイ,????,?????,Hawaii,Hawai,Гавайи
172,,Wood,木质,木材,?????,???,Bois,Madera,Древесина
173,,1970s,70年代,1970年代,1970 ?? ???,??????????,années 1970,década de 1970,1970-е годы
174,,You beat,你击败了,あなたは伽沥蓼筏,?? ????,??? ?????,Tu as battu,Vences,Ты победил
175,,players!,的玩家！,x手たち！,??????????!,????????!,joueurs!,jugadores!,игроки!
176,,Daily Mission,每日任务,叭栅违骏攻,?????? ?????,?????? ???????,Taches quotidiennes,Tareas diarias,Ежедневные задания
177,,Magic Wand,魔法棒,魔法の杖,???? ?? ????,????? ???????,Baguette magique,Varita mágica,Волшебная палочка
178,MagicWand1,Use a Magic Wand to remove a hidden card!,使用魔法棒移除隐藏的卡！,魔法の杖を使ってLされたカ`ドを取り除きましょう！,???? ??? ????? ?? ??????? ?? ??? ???? ?? ???? ?? ????? ????!,?????? ????? ??????? ?????? ??????? ???????!,Utilisez une baguette magique pour retirer une carte cachée?!,?Usa una varita mágica para eliminar una carta oculta!,"Используйте Волшебную палочку, чтобы удалить скрытую карту!"
179,,Get Free,免费,自由になる,??: ????? ????,????,Obtenez gratuitement,Liberarse,Получить бесплатно
180,,Watch Ads,观看广告,诟妞蛞る,???????? ?????,?????? ?????????,Regarder les annonces,Ver anuncios,Смотреть рекламу
181,,Unlock,解锁,ロックを解除する,?????,????? ?????,Ouvrir,desbloquear,Разблокировать
182,,Continue,继续,Aく,???? ????,????,Continuer,Continuar,Продолжать
183,,Best,最好,最高,???????,????,Meilleur,Mejor,Лучший
184,,You Got,你得到了,ユ`?ガット,???? ????,??? ????,Vous avez,Tu tienes,Ты получил
185,duliri,Independence Day,独立日,独立念日,?????????? ????,??? ?????????,Jour de l'indépendance,Día de la Independencia,День независимости
186,xiaweiyi,Hawaii,夏威夷,ハワイ,????,?????,Hawaii,Hawai,Гавайи
187,wood,Wood,木质,木材,?????,???,Bois,Madera,Древесина
188,1970s,1970s,70年代,1970年代,1970 ?? ???,??????????,années 1970,década de 1970,1970-е годы
189,,wins for the next reward,胜获得下一个奖励,倮すると次の蟪辘颢@得できます,???? ???? ?? ??? ????? ??,???? ????????? ???????,gagne pour la prochaine récompense,gana para la próxima recompensa,выигрыши за следующую награду
190,,Daily Rank,每日排名,デイリ`ランク,????? ????,?????? ???????,Classement quotidien,Rango diario,Ежедневный рейтинг
191,,Rank,排名,ランク,??,????,Rang,Rango,Классифицировать
192,,In preparation,准备中,渲,?????? ???,??? ???????,En préparation,En la preparación de,В подготовке
193,,Connection failed!,连接失败！,接Aに失・筏蓼筏浚,??????? ????!,??? ???????!,La connexion a échoué!,?La conexión falló!,Соединение не удалось!
194,,Me,我,自分,????,???,Moi,A mí,Мне
195,,World Rank,世界排名,世界ランク,????? ????,????? ???????,Classement mondial,Categoría mundial,Мировой рейтинг
196,,"Oops, something went wrong!",哎呀，出了问题！,おっと！何かがg`っていた！,??! ??? ??? ?? ??? ??!,??? ??? ?? ??? ???? ????!,"Oups, quelque chose s'est mal passé?!",?Huy! Algo salió mal!,Упс! Что-то пошло не так!
197,,Language,语言,言Z,????,???,Langue,Idiomas,Язык
198,,UI Style,UI风格,UIスタイル,???? ????,??? ????? ????????,Le style UI,Estilo UI,Стиль UI
199,,Green,绿色,グリ`ン,???color,????,Vert,Verde,Зелёный
200,,Black,黑色,ブラック,????,???? .,Noir,Negro,Чёрный
201,,Come on and win your trophy!,加油赢得你的奖杯吧！,Bってトロフィ`を伽寥・恧Γ,?? ?? ???? ?????? ????!,??? ????? ?????? !,"Allez, gagnez votre trophée!",?Vamos a ganar tu trofeo!,"Давай, выиграй свой трофей!"
202,,Date,日期,日付,?????? ?????,??????,Date,Fecha,Дата
203,,History,历史,履s,??????,?????,Historique,Historia,История
204,,Select UI Style,选择UI样式,UI スタイルのxk,???? ???? ?????,??? ??? ????? ????????,Sélectionnez le style d'interface utilisateur,Seleccionar estilo de interfaz de usuario,Выберите стиль пользовательского интерфейса
205,,Well done！,干得漂亮！,よくやった！,???? ?????!,?????!,Bien joué!,?Bien hecho!,Отличная работа!
206,,You can Auto move cards to the foundation now！,你现在可以自动快速收牌了！,カ`ドを猡俗婴且婴扦るようになりました！,?? ?? ??????? ?? ????????? ??? ????? ??????????? ?? ???? ???!,????? ??? ???????? ???????? ??? ??????? ????!,Vous pouvez désormais déplacer automatiquement les cartes vers la fondation?!,?Ahora puedes mover cartas automáticamente a la base!,Теперь вы можете автоматически перемещать карты в фонд！
207,,Current ranking,当前排名,F在のランキング,??????? ???????,??????? ??????,Classement actuel,Clasificación actual,Текущий рейтинг
208,,Connecting,连接中,接A中,??????,?????,De liaison,Conectando,Подключение
209,,IQ Mode,IQ模式,IQモ`ド,?????? ???,??? ??????,Mode QI,Modo coeficiente intelectual,Режим IQ
210,,Left Hand Mode,左手模式,左手モ`ド,???? ??? ?? ???,??? ???? ??????,Mode main gauche,Modo mano izquierda,Режим левой руки
211,,Music,音乐,音S,?????,??????,Musique,Música,Музыка
212,,Select Music,选择音乐,音Sをxk,????? ?????,??? ????????,Sélectionnez la musique,Seleccionar música,Выберите музыку
213,,Choose your music in settings,在设置中选择音乐,O定で音Sをxkしてください,???????? ??? ???? ????? ?????,???? ???????? ?????? ?? ?? ?????????,Choisissez votre musique dans les paramètres,Elige tu música en la configuración,Выберите музыку в настройках
214,Music1,Delight,愉悦,喜び,????,????,Plaisir,Deleitar,Восторг
215,Music2,Warm,温暖,暖かい,???,?????,Chaud,Cálido,Теплый
216,Music3,Rain,雨,雨,?????,???,Pluie,Lluvia,Дождь
217,Music0,None,无,なし,??? ????,?? ???,Aucun,Ninguno,Никто
218,,Music On!,音乐打开！,音Sオン！,???? ?????!,????? ????????!,Musique allumée!,?Música encendida!,Музыка включена!
219,Music accompaies me! ,"Music accompaies me! 
Choose/Close Music in Setting.","音乐伴随着我！
在设置中选择/关闭音乐。","音Sは私と一wです！
O定で音Sをxk/オフにします。","????? ???? ??? ???? ??!
???????? ??? ????? ?????/??? ?????","???????? ???????!
???/???? ????? ???????? ?? ?????????.","La musique m'accompagne !
Sélectionnez/désactivez la musique dans les paramètres.","?La música me acompa?a!
Seleccione/apague la música en la configuración.","Музыка сопровождает меня!
Выбрать/отключить музыку в настройках."
220,,Tap a star and let us know your thoughts!,点击一颗星星，让我们知道您的想法！,星をタップしてあなたのご意をおかせください!,???? ???? ?? ??? ???? ?? ???? ???? ????? ?????!,???? ??? ???? ??????? ???????!,Appuyez sur une étoile et faites-nous part de votre avis?!,?Toca una estrella y cuéntanos tu opinión!,"Нажмите звездочку и дайте нам знать, что вы думаете!"
221,,Reviews,评论,レビュ`,???????,?????????,Commentaires,Rese?as,Отзывы
222,,Enjoying Solitaire？,喜欢纸牌游戏吗？,ソリティアをSしんでいますか？,???????? ?? ???? ?? ??? ???？,????? ???????？,Vous appréciez le solitaire??,?Disfrutando del solitario?,Наслаждаемся пасьянсом?
223,,Share with friends,分享给好友,友人たちと分ける,??????? ?? ??? ??????,???? ?? ????????,Partager avec des amis,Compartir con amigos,Поделиться с друзьями
